<?xml version="1.0" encoding="UTF-8"?>
<!DOCTYPE glassfish-web-app PUBLIC "-//GlassFish.org//DTD GlassFish Application Server 3.1 Servlet 3.0//EN" "http://glassfish.org/dtds/glassfish-web-app_3_0-1.dtd">
<glassfish-web-app error-url="">
  <context-root>/SpriteJohn-war</context-root>
  <security-role-mapping>
    <role-name>Admin</role-name>
    <group-name>admin</group-name>
  </security-role-mapping>
  <security-role-mapping>
    <role-name>RestGroup</role-name>
    <group-name>rest</group-name>
    <group-name>Rest</group-name>
    <group-name>RestGroup</group-name>
  </security-role-mapping>
  <security-role-mapping>
    <role-name>JsfGroup</role-name>
    <group-name>jsf</group-name>
    <group-name>Rest</group-name>
    <group-name>JsfGroup</group-name>
  </security-role-mapping>
</glassfish-web-app>
